timestamp,user_id,password_status,liveness_result,ensemble_confidence,deep_score,texture_score,chroma_score,challenge_progress,attempt,latency_ms,face_detected,score_stability
2026-08-23T10:32:44,12345,UNKNOWN_USER,NOT_STARTED,0,0.0,0.0,0.0,0.0,1,6,0,0.0
2026-08-23T10:33:16,1234,PASSWORD_OK,TIMEOUT,77,1.0,1.0,0.8571,0.3333,1,16040,1,0.0
2026-08-23T10:33:32,1234,PASSWORD_OK,VERIFIED,98,1.0,1.0,0.874,1.0,1,6171,1,0.0
2026-08-23T10:35:25,1234,PASSWORD_OK,VERIFIED,97,1.0,1.0,0.821,1.0,1,12479,1,0.0
2026-08-23T10:35:35,1234,PASSWORD_OK,VERIFIED,96,1.0,1.0,0.778,1.0,1,6890,1,0.0
2026-08-23T10:38:54,1234,PASSWORD_OK,VERIFIED,94,1.0,1.0,0.6477,1.0,1,11588,1,0.0
2026-08-23T10:41:55,1234,PASSWORD_OK,TIMEOUT,70,1.0,1.0,1.0,0.0,1,7150,1,0.0
2026-08-23T10:42:06,1234,PASSWORD_OK,TIMEOUT,70,1.0,1.0,1.0,0.0,1,7364,1,0.0
2026-08-23T10:42:18,1234,PASSWORD_OK,TIMEOUT,80,1.0,1.0,1.0,0.3333,1,9128,1,0.0
2026-08-23T10:42:29,1234,PASSWORD_OK,TIMEOUT,70,1.0,1.0,1.0,0.0,1,7860,1,0.0
2026-08-23T10:42:36,1234,PASSWORD_OK,VERIFIED,97,1.0,1.0,0.8468,1.0,1,6896,1,0.0
2026-08-23T18:49:10,shyamganesh,PASSWORD_OK,TIMEOUT,90,1.0,1.0,1.0,0.6667,1,15987,1,0.0
2026-08-23T18:49:57,shyamganesh,PASSWORD_OK,VERIFIED,99,1.0,1.0,0.9818,1.0,1,10648,1,0.0
2026-08-23T20:11:14,shyamganesh,PASSWORD_OK,TIMEOUT,90,1.0,1.0,1.0,0.6667,1,16141,1,0.0
2026-08-23T20:11:31,shyamganesh,PASSWORD_OK,VERIFIED,100,1.0,1.0,1.0,1.0,1,12960,1,0.0
2026-08-23T21:07:34,shyamganesh,PASSWORD_OK,TIMEOUT,77,1.0,1.0,0.8007,0.3333,1,12815,1,0.0
2026-08-23T21:07:43,shyamganesh,PASSWORD_OK,VERIFIED,96,1.0,1.0,0.7926,1.0,1,4271,1,0.0
2026-09-26T20:08:30,sarvesh,PASSWORD_OK,TIMEOUT,56,1.0,0.5635,0.6699,0.0,1,7199,1,0.0
2026-09-26T20:08:47,sarvesh,PASSWORD_OK,TIMEOUT,52,1.0,0.3931,0.6439,0.0,1,7117,1,0.0
2026-09-26T20:09:09,sarvesh,PASSWORD_OK,TIMEOUT,68,1.0,0.2511,0.5868,0.6667,1,9700,0,0.0
2026-09-26T20:09:20,sarvesh,PASSWORD_OK,TIMEOUT,54,1.0,0.4468,0.6759,0.0,1,7651,0,0.0
2026-09-26T20:10:09,sarvesh,PASSWORD_OK,TIMEOUT,75,1.0,0.5549,0.6083,0.6667,1,11837,1,0.0
2026-09-26T20:12:45,sarvesh,PASSWORD_OK,TIMEOUT,40,1.0,0.0939,0.0323,0.3333,1,18818,1,0.0
2026-09-26T20:13:50,sarvesh,PASSWORD_OK,TIMEOUT,22,1.0,0.0347,0.1902,0.0,1,9878,1,0.0
2026-09-26T20:14:38,sarvesh,PASSWORD_OK,VERIFIED,85,1.0,0.7222,0.3852,1.0,1,6759,1,0.0
2026-09-26T20:16:21,sarvesh,PASSWORD_OK,TIMEOUT,55,1.0,0.7913,0.3449,0.0,1,9455,1,0.0
2026-09-26T20:17:22,sarvesh,PASSWORD_OK,TIMEOUT,54,1.0,0.6758,0.38,0.0,1,9450,1,0.0
2026-09-26T20:17:35,sarvesh,PASSWORD_OK,TIMEOUT,59,1.0,0.4658,0.3754,0.3333,1,9482,1,0.0
2026-09-26T21:10:31,sarvesh,PASSWORD_OK,VERIFIED,92,1.0,0.5242,0.5414,1.0,1,16053,1,0.0
2026-09-26T21:10:55,sarvesh,PASSWORD_OK,TIMEOUT,34,1.0,0.9843,0.4406,0.0,1,16649,1,0.0
2026-09-26T21:11:33,sarvesh,PASSWORD_OK,VERIFIED,92,1.0,0.7229,0.5003,1.0,1,15754,1,0.0
2026-09-26T21:13:19,sarvesh,PASSWORD_OK,VERIFIED,92,1.0,0.5589,0.4815,1.0,1,16640,1,0.0
2026-09-26T21:13:45,sarvesh,PASSWORD_OK,VERIFIED,92,1.0,0.4928,0.4527,1.0,1,16475,1,0.0
2026-09-26T21:54:22,sarvesh,PASSWORD_OK,TIMEOUT,33,1.0,0.6641,0.7892,0.0,1,18766,1,0.0
2026-09-26T21:54:41,sarvesh,PASSWORD_OK,TIMEOUT,57,1.0,0.2857,0.7826,0.5,1,17909,1,0.0
2026-09-27T09:49:26,1234,PASSWORD_OK,TIMEOUT,38,1.0,0.9641,0.808,0.0,1,12410,1,0.0
2026-09-27T09:49:52,1234,PASSWORD_OK,VERIFIED,96,1.0,1.0,0.554,1.0,1,23915,1,0.0
